case,letter,condition,eta,n_upper,n_lower,n_rev_upper,n_rev_lower,pct_rev_upper,pct_rev_lower,min_cfs_upper,x_rev_first_face,x_rev_last_face,n_separated_runs,x_sep,x_reatt,run_extent_c,yplus_median_upper,yplus_p99_upper,local_chord_m,q
CMPB_trim,B,early_cruise,0.2,29966,30148,0,105,0.0,0.34828180973862277,1.61e-06,,,0,,,0.0,37.47125,55.458040000000004,0.486425,11292.8
CMPB_trim,B,early_cruise,0.4,20798,20920,0,0,0.0,0.0,7.908e-05,,,0,,,0.0,39.22125,57.54581699999999,0.341738,11292.8
CMPB_trim,B,early_cruise,0.6,17006,17089,0,0,0.0,0.0,4.996e-05,,,0,,,0.0,39.76495,60.052880000000016,0.28075,11292.8
CMPB_trim,B,early_cruise,0.8,13213,13268,0,3,0.0,0.02261079288513717,8.556e-05,,,0,,,0.0,40.2912,62.69192799999992,0.219633,11292.8
CMPB_trim,B,early_cruise,0.95,10389,10396,2,3,0.01925113100394648,0.028857252789534438,-3.007e-05,0.971554,0.999951,0,,,0.0,41.4166,75.31962400000012,0.173783,11292.8
CMPC_trim,C,early_cruise,0.2,29966,30148,1,110,0.003337115397450444,0.36486665782141436,-7e-08,0.999517,0.999517,0,,,0.0,37.916,55.272605,0.486425,11292.8
CMPC_trim,C,early_cruise,0.4,20798,20920,0,0,0.0,0.0,7.951e-05,,,0,,,0.0,40.2577,57.280703,0.341737,11292.8
CMPC_trim,C,early_cruise,0.6,16995,17109,0,0,0.0,0.0,0.00021525,,,0,,,0.0,40.8299,58.41006400000006,0.280667,11292.8
CMPC_trim,C,early_cruise,0.8,13212,13270,3075,0,23.274296094459583,0.0,-0.00037064,0.742961,0.992367,1,0.75,0.985,0.235,41.156499999999994,62.64256799999999,0.219431,11292.8
CMPC_trim,C,early_cruise,0.95,10378,10404,1,1,0.009635767970707265,0.009611687812379855,-2.382e-05,0.993427,0.993427,0,,,0.0,41.94225,96.84370799999996,0.173805,11292.8
CMPF_trim,F,early_cruise,0.2,29966,30148,0,109,0.0,0.361549688204856,4.8e-07,,,0,,,0.0,37.49405,55.27584999999997,0.486425,11292.8
CMPF_trim,F,early_cruise,0.4,20798,20920,0,0,0.0,0.0,8.029e-05,,,0,,,0.0,39.4255,57.324195999999986,0.341737,11292.8
CMPF_trim,F,early_cruise,0.6,17009,17097,0,0,0.0,0.0,0.00014237,,,0,,,0.0,40.1122,58.601827999999976,0.280681,11292.8
CMPF_trim,F,early_cruise,0.8,13213,13274,0,0,0.0,0.0,4.792e-05,,,0,,,0.0,40.6584,62.261903999999966,0.219449,11292.8
CMPF_trim,F,early_cruise,0.95,10378,10405,0,3,0.0,0.028832292167227293,2.116e-05,,,0,,,0.0,41.3154,95.64773299999999,0.17381,11292.8
CMPH_trim,H,early_cruise,0.2,29966,30148,0,108,0.0,0.3582327185882977,6.9e-07,,,0,,,0.0,37.8014,55.357054999999995,0.486425,11292.8
CMPH_trim,H,early_cruise,0.4,20798,20920,0,0,0.0,0.0,7.9e-05,,,0,,,0.0,39.914249999999996,57.371263,0.341737,11292.8
CMPH_trim,H,early_cruise,0.6,17010,17094,0,0,0.0,0.0,5.226e-05,,,0,,,0.0,40.15135,58.885026999999994,0.28075,11292.8
CMPH_trim,H,early_cruise,0.8,13213,13268,0,0,0.0,0.0,5.31e-06,,,0,,,0.0,40.9341,62.17547599999995,0.219454,11292.8
CMPH_trim,H,early_cruise,0.95,10381,10400,0,2,0.0,0.019230769230769232,9.68e-06,,,0,,,0.0,41.7782,92.59972000000141,0.173777,11292.8
CMPM_trim,M,early_cruise,0.2,29966,30148,1,110,0.003337115397450444,0.36486665782141436,-1e-08,0.999517,0.999517,0,,,0.0,37.858000000000004,55.281965,0.486425,11292.8
CMPM_trim,M,early_cruise,0.4,20798,20920,0,0,0.0,0.0,7.928e-05,,,0,,,0.0,39.8201,57.30634999999999,0.341737,11292.8
CMPM_trim,M,early_cruise,0.6,17005,17091,0,0,0.0,0.0,0.00014359,,,0,,,0.0,40.5272,58.56589199999999,0.280686,11292.8
CMPM_trim,M,early_cruise,0.8,13217,13264,3153,0,23.85564046304002,0.0,-0.00081382,0.729537,0.996878,1,0.74,0.99,0.25,40.7929,62.822496,0.219429,11292.8
CMPM_trim,M,early_cruise,0.95,10385,10402,1,2,0.009629272989889264,0.019227071716977504,-1.942e-05,0.973922,0.973922,0,,,0.0,41.7322,97.97867999999981,0.173805,11292.8
CMPW_trim,W,early_cruise,0.2,29966,30148,0,107,0.0,0.3549157489717394,7.5e-07,,,0,,,0.0,38.193799999999996,55.298045,0.486425,11292.8
CMPW_trim,W,early_cruise,0.4,20798,20920,0,0,0.0,0.0,7.985e-05,,,0,,,0.0,39.73125,57.4041,0.341737,11292.8
CMPW_trim,W,early_cruise,0.6,17014,17091,0,0,0.0,0.0,0.00011638,,,0,,,0.0,40.22325,59.041265999999986,0.280727,11292.8
CMPW_trim,W,early_cruise,0.8,13205,13265,0,0,0.0,0.0,0.00015659,,,0,,,0.0,40.0498,61.36100399999999,0.219455,11292.8
CMPW_trim,W,early_cruise,0.95,10381,10399,0,1,0.0,0.009616309260505818,3.389e-05,,,0,,,0.0,41.5035,65.4579400000001,0.173781,11292.8
LCB_trim,B,late_cruise,0.2,29966,30148,0,101,0.0,0.33501393127238954,4.58e-06,,,0,,,0.0,37.682249999999996,55.527725,0.486425,8257.37
LCB_trim,B,late_cruise,0.4,20798,20920,0,0,0.0,0.0,7.528e-05,,,0,,,0.0,39.176249999999996,57.747602,0.341738,8257.37
LCB_trim,B,late_cruise,0.6,17006,17089,0,0,0.0,0.0,5.441e-05,,,0,,,0.0,39.7791,59.49909000000002,0.28075,8257.37
LCB_trim,B,late_cruise,0.8,13213,13268,0,2,0.0,0.015073861923424782,7.883e-05,,,0,,,0.0,40.3808,61.09507999999998,0.219633,8257.37
LCB_trim,B,late_cruise,0.95,10389,10396,2,3,0.01925113100394648,0.028857252789534438,-3.579e-05,0.971554,0.999951,0,,,0.0,41.2843,63.941188000000004,0.173783,8257.37
LCC_trim,C,late_cruise,0.2,29966,30148,0,102,0.0,0.33833090088894785,3.69e-06,,,0,,,0.0,37.77405,55.29879499999999,0.486425,8257.37
LCC_trim,C,late_cruise,0.4,20798,20920,0,0,0.0,0.0,7.59e-05,,,0,,,0.0,39.466049999999996,57.528399,0.341737,8257.37
LCC_trim,C,late_cruise,0.6,16995,17109,0,0,0.0,0.0,0.00021115,,,0,,,0.0,40.3711,58.744578000000054,0.280667,8257.37
LCC_trim,C,late_cruise,0.8,13212,13270,3179,0,24.061459279442932,0.0,-0.00031427,0.734089,0.994406,1,0.745,0.99,0.245,40.8485,61.42936399999992,0.219431,8257.37
LCC_trim,C,late_cruise,0.95,10378,10404,1,1,0.009635767970707265,0.009611687812379855,-2.348e-05,0.993427,0.993427,0,,,0.0,41.4961,63.761768000000004,0.173805,8257.37
LCF_trim,F,late_cruise,0.2,29966,30148,0,102,0.0,0.33833090088894785,4.01e-06,,,0,,,0.0,37.52305,55.36468,0.486425,8257.37
LCF_trim,F,late_cruise,0.4,20798,20920,0,0,0.0,0.0,7.56e-05,,,0,,,0.0,39.2999,57.55199099999999,0.341737,8257.37
LCF_trim,F,late_cruise,0.6,17009,17097,0,0,0.0,0.0,0.00014502,,,0,,,0.0,40.1586,58.926839999999956,0.280681,8257.37
LCF_trim,F,late_cruise,0.8,13213,13274,0,0,0.0,0.0,4.884e-05,,,0,,,0.0,40.8162,61.08153199999994,0.219449,8257.37
LCF_trim,F,late_cruise,0.95,10378,10405,0,3,0.0,0.028832292167227293,2.189e-05,,,0,,,0.0,41.3249,63.15647799999989,0.17381,8257.37
LCH_trim,H,late_cruise,0.2,29966,30148,0,101,0.0,0.33501393127238954,4.2e-06,,,0,,,0.0,37.5567,55.420035,0.486425,8257.37
LCH_trim,H,late_cruise,0.4,20798,20920,0,0,0.0,0.0,7.532e-05,,,0,,,0.0,39.25025,57.628896,0.341737,8257.37
LCH_trim,H,late_cruise,0.6,17010,17094,0,0,0.0,0.0,5.729e-05,,,0,,,0.0,39.6366,59.30213899999999,0.28075,8257.37
LCH_trim,H,late_cruise,0.8,13213,13268,0,0,0.0,0.0,6.62e-06,,,0,,,0.0,40.6959,60.878715999999955,0.219454,8257.37
LCH_trim,H,late_cruise,0.95,10381,10400,0,2,0.0,0.019230769230769232,1.069e-05,,,0,,,0.0,41.19,63.07304000000001,0.173777,8257.37
LCM_trim,M,late_cruise,0.2,29966,30148,0,102,0.0,0.33833090088894785,3.72e-06,,,0,,,0.0,37.75215,55.355014999999995,0.486425,8257.37
LCM_trim,M,late_cruise,0.4,20798,20920,0,0,0.0,0.0,7.579e-05,,,0,,,0.0,39.70485,57.53814099999999,0.341737,8257.37
LCM_trim,M,late_cruise,0.6,17005,17091,0,0,0.0,0.0,0.00014528,,,0,,,0.0,40.4748,58.90931199999999,0.280686,8257.37
LCM_trim,M,late_cruise,0.8,13217,13264,3341,0,25.278050994930773,0.0,-0.00033476,0.725276,0.996878,1,0.735,0.99,0.255,41.099,61.77948,0.219429,8257.37
LCM_trim,M,late_cruise,0.95,10385,10402,1,2,0.009629272989889264,0.019227071716977504,-1.673e-05,0.973922,0.973922,0,,,0.0,41.5066,63.752752,0.173805,8257.37
LCW_trim,W,late_cruise,0.2,29966,30148,0,101,0.0,0.33501393127238954,4.1e-06,,,0,,,0.0,37.72845,55.47906999999999,0.486425,8257.37
LCW_trim,W,late_cruise,0.4,20798,20920,0,0,0.0,0.0,7.608e-05,,,0,,,0.0,39.4464,57.60364599999997,0.341737,8257.37
LCW_trim,W,late_cruise,0.6,17014,17091,0,0,0.0,0.0,0.00011541,,,0,,,0.0,39.5898,59.40004799999997,0.280727,8257.37
LCW_trim,W,late_cruise,0.8,13205,13265,0,0,0.0,0.0,0.00015068,,,0,,,0.0,39.602,61.63905599999994,0.219455,8257.37
LCW_trim,W,late_cruise,0.95,10381,10399,0,1,0.0,0.009616309260505818,3.61e-05,,,0,,,0.0,41.3821,63.74972000000004,0.173781,8257.37
SWB_trim,B,CR,0.2,29966,30148,5,139,0.016685576987252218,0.46105877670160544,-0.00029075,0.996522,0.999517,0,,,0.0,0.2909,17.00147,0.486425,578.0
SWB_trim,B,CR,0.4,20798,20920,1,13,0.004808154630252909,0.062141491395793495,-0.00027566,0.993065,0.993065,0,,,0.0,0.2939,17.039305999999975,0.341737,578.0
SWB_trim,B,CR,0.6,17006,17089,0,8,0.0,0.04681373983264088,0.00039969,,,0,,,0.0,0.2926,20.455645000000008,0.28075,578.0
SWB_trim,B,CR,0.8,13213,13268,0,20,0.0,0.1507386192342478,4.533e-05,,,0,,,0.0,0.2874,20.13130399999994,0.219633,578.0
SWB_trim,B,CR,0.95,10389,10395,2,2,0.01925113100394648,0.019240019240019238,-0.00044555,0.971554,0.999942,0,,,0.0,0.2788,20.302408000000096,0.173783,578.0
SWC_trim,C,CR,0.2,29966,30148,5,143,0.016685576987252218,0.4743266551678387,-0.00031123,0.996522,0.999517,0,,,0.0,0.2889,16.732109999999995,0.486425,578.0
SWC_trim,C,CR,0.4,20798,20920,1,13,0.004808154630252909,0.062141491395793495,-0.00026479,0.993065,0.993065,0,,,0.0,0.2921,16.595683999999988,0.341737,578.0
SWC_trim,C,CR,0.6,16995,17109,0,30,0.0,0.1753463089601964,0.00091586,,,0,,,0.0,0.2949,17.721720000000154,0.280667,578.0
SWC_trim,C,CR,0.8,13212,13270,1,17,0.007568876778686043,0.1281085154483798,-8.432e-05,0.998416,0.998416,0,,,0.0,0.3005,20.161291999999982,0.219432,578.0
SWC_trim,C,CR,0.95,10379,10403,1,1,0.009634839579920994,0.009612611746611554,-0.00050605,0.993427,0.993427,0,,,0.0,0.2839,20.561187999999753,0.173805,578.0
SWF_trim,F,CR,0.2,29966,30148,5,143,0.016685576987252218,0.4743266551678387,-0.00032271,0.996522,0.999517,0,,,0.0,0.2896,16.841949999999986,0.486425,578.0
SWF_trim,F,CR,0.4,20798,20920,1,13,0.004808154630252909,0.062141491395793495,-0.00027282,0.993065,0.993065,0,,,0.0,0.2927,16.771735999999986,0.341737,578.0
SWF_trim,F,CR,0.6,17009,17097,0,13,0.0,0.07603673159033748,0.00091339,,,0,,,0.0,0.2945,17.94207199999999,0.280681,578.0
SWF_trim,F,CR,0.8,13213,13274,0,11,0.0,0.08286876600873888,0.00027233,,,0,,,0.0,0.2933,20.014644,0.219449,578.0
SWF_trim,F,CR,0.95,10378,10405,2,4,0.01927153594141453,0.03844305622296973,-0.00010453,0.98255,0.99668,0,,,0.0,0.2827,20.712182999999907,0.17381,578.0
SWH_trim,H,CR,0.2,29966,30148,5,142,0.016685576987252218,0.4710096855512803,-0.00030528,0.996522,0.999517,0,,,0.0,0.2902,16.882174999999982,0.486425,578.0
SWH_trim,H,CR,0.4,20798,20920,1,13,0.004808154630252909,0.062141491395793495,-0.00027651,0.993065,0.993065,0,,,0.0,0.2931,16.819095999999995,0.341737,578.0
SWH_trim,H,CR,0.6,17010,17094,0,7,0.0,0.040950040950040956,0.00039067,,,0,,,0.0,0.2912,17.956525,0.28075,578.0
SWH_trim,H,CR,0.8,13213,13268,2,9,0.01513660788617271,0.06783237865541152,-6.365e-05,0.980616,0.991734,0,,,0.0,0.2935,19.97373999999999,0.219454,578.0
SWH_trim,H,CR,0.95,10383,10399,2,2,0.019262255610131947,0.019232618521011637,-0.00011676,0.963246,0.999974,0,,,0.0,0.2814,20.427370000000117,0.173777,578.0
SWM_trim,M,CR,0.2,29966,30148,1,53,0.003337115397450444,0.17579938967759054,-4.51e-06,0.996522,0.996522,0,,,0.0,0.2925,17.060045,0.486425,578.0
SWM_trim,M,CR,0.4,20798,20920,0,11,0.0,0.052581261950286805,0.00023477,,,0,,,0.0,0.2957,16.710734999999925,0.341737,578.0
SWM_trim,M,CR,0.6,17004,17091,0,14,0.0,0.08191445790181967,0.00060229,,,0,,,0.0,0.2974,17.907037000000024,0.280686,578.0
SWM_trim,M,CR,0.8,13216,13263,1,6,0.007566585956416465,0.045238633793259445,-5.242e-05,0.976241,0.976241,0,,,0.0,0.30245,20.23061500000002,0.219432,578.0
SWM_trim,M,CR,0.95,10383,10402,1,5,0.009631127805065974,0.04806767929244376,-0.00035097,0.973922,0.973922,0,,,0.0,0.2872,20.618178000000107,0.173805,578.0
SWW_trim,W,CR,0.2,29966,30148,5,140,0.016685576987252218,0.4643757463181637,-0.00029826,0.996522,0.999517,0,,,0.0,0.2897,16.866115,0.486425,578.0
SWW_trim,W,CR,0.4,20798,20920,1,13,0.004808154630252909,0.062141491395793495,-0.00027553,0.993065,0.993065,0,,,0.0,0.2928,16.807070999999983,0.341737,578.0
SWW_trim,W,CR,0.6,17014,17091,0,11,0.0,0.06436135978000117,0.00037036,,,0,,,0.0,0.2912,18.894180999999982,0.280727,578.0
SWW_trim,W,CR,0.8,13205,13265,0,10,0.0,0.07538635506973237,0.00041452,,,0,,,0.0,0.2899,20.574427999999983,0.219455,578.0
SWW_trim,W,CR,0.95,10383,10397,0,2,0.0,0.01923631816870251,0.00025968,,,0,,,0.0,0.2805,19.876540000000002,0.173781,578.0
