case,condition,geometry_letter,geometry_name,alpha_deg,q_Pa,CL_target,CL_case,M_h_pressure_Nm,M_h_viscous_Nm,M_h_total_Nm,C_Mh_region_pressure,C_Mh_region_total,integral_c2_dy_m3,n_faces_in_region,n_faces_total,normal_orientation,tau_frame,reference_pressure_Pa,surface_vtk
SWB_trim,"Condition CR, M = 0.10",B,baseline_wing_only_refined,1.7476086585118895,708.0500000000001,0.428277635108,0.4282682,-0.8632901245636582,-0.0035283212456475818,-0.8668184458093058,-0.03582622788962298,-0.035972651945010224,0.03403233610425567,501567,5276772,INWARD,KINEMATIC,,results/postpro_latest/SWB_r2_trim/surfaces/r2/argusWingSurface/6000/wingSurface.vtk
SWC_trim,"Condition CR, M = 0.10",C,cte_i002_c04,1.268311286015137,708.0500000000001,0.428277635108,0.428277111,-0.8987236541453366,-0.003521397951726316,-0.902245052097063,-0.03731103262606891,-0.03745722549999653,0.03401926892793402,501496,5276964,INWARD,KINEMATIC,,results/postpro_latest/SWC_r2_trim/surfaces/r2/argusWingSurface/6000/wingSurface.vtk
SWF_trim,"Condition CR, M = 0.10",F,cfft_b02_c01,1.4754555650984558,708.0500000000001,0.428277635108,0.428273778,-0.8806233772120758,-0.003546162197383601,-0.8841695394094594,-0.03653525729971402,-0.0366823802942433,0.03404192517704793,501556,5277100,INWARD,KINEMATIC,,results/postpro_latest/SWF_r2_trim/surfaces/r2/argusWingSurface/6000/wingSurface.vtk
SWH_trim,"Condition CR, M = 0.10",H,chc_g02_c06,1.5523096623299926,708.0500000000001,0.428277635108,0.428273693,-0.9067744856250017,-0.003386417344702436,-0.9101609029697042,-0.0376156834341153,-0.03775616202590797,0.034046024526855435,501321,5276953,INWARD,KINEMATIC,,results/postpro_latest/SWH_r2_trim/surfaces/r2/argusWingSurface/6000/wingSurface.vtk
SWM_trim,"Condition CR, M = 0.10",M,mcv2_i002_c01,1.2574226799872903,708.0500000000001,0.428277635108,0.4282777,-0.9012066879476774,-0.003517863044645263,-0.9047245509923227,-0.037413515012472406,-0.03755955878200145,0.03401981649388996,501516,5276994,INWARD,KINEMATIC,,results/postpro_latest/SWM_r2_trim/surfaces/r2/argusWingSurface/6000/wingSurface.vtk
SWW_trim,"Condition CR, M = 0.10",W,cffw_b01_c01,1.5205447150614622,708.0500000000001,0.428277635108,0.4282739,-0.8808441204599415,-0.003917545486425808,-0.8847616659463673,-0.0365658010039527,-0.03672842704112916,0.03402201574684146,501250,5276573,INWARD,KINEMATIC,,results/postpro_latest/SWW_r2_trim/surfaces/r2/argusWingSurface/6000/wingSurface.vtk
CMPB_trim,"Early cruise, M = 0.78",B,baseline_wing_only_refined,1.1020801437872232,11292.804088955776,0.52929708745,0.529318621,-16.79414180924536,-0.02470474064000672,-16.818846549885368,-0.043698262687335364,-0.04376254428376176,0.03403234310675661,501569,5276776,INWARD,PASCALS,26495.899991533865,results/postpro_latest/CMPB_welded/surfaces/conv/argusWingSurface/4000/wingSurface.vtk
CMPC_trim,"Early cruise, M = 0.78",C,cte_i002_c04,0.7413018567842916,11292.804088955776,0.52929708745,0.529262245,-17.62986222236577,-0.023818741154020037,-17.65368096351979,-0.0458904457894568,-0.04595244585706453,0.034019258854865286,501495,5276962,INWARD,PASCALS,26495.899986565193,results/postpro_latest/CMPC_welded/surfaces/conv/argusWingSurface/4000/wingSurface.vtk
CMPF_trim,"Early cruise, M = 0.78",F,cfft_b02_c01,0.8586669395318464,11292.804088955776,0.52929708745,0.529296651,-17.086724393433848,-0.02413545741274011,-17.110859850846587,-0.04446852597320045,-0.044531338961232604,0.0340254820410971,501545,5277084,INWARD,PASCALS,26495.899985743894,results/postpro_latest/CMPF_welded/surfaces/conv/argusWingSurface/6000/wingSurface.vtk
CMPH_trim,"Early cruise, M = 0.78",H,chc_g02_c06,0.93483093779793,11292.804088955776,0.52929708745,0.529299512,-17.847341759804237,-0.023756806394967238,-17.871098566199205,-0.04644291878381677,-0.04650473949890215,0.03402923925101178,501327,5276936,INWARD,PASCALS,26495.900006728858,results/postpro_latest/CMPH_welded/surfaces/conv/argusWingSurface/4000/wingSurface.vtk
CMPM_trim,"Early cruise, M = 0.78",M,mcv2_i002_c01,0.7500200065446249,11292.804088955776,0.52929708745,0.529334075,-17.692617497652535,-0.023886309638163936,-17.7165038072907,-0.04605310464486798,-0.04611527965755291,0.03401977063959076,501516,5276995,INWARD,PASCALS,26495.90003112346,results/postpro_latest/CMPM_welded/surfaces/conv/argusWingSurface/4000/wingSurface.vtk
CMPW_trim,"Early cruise, M = 0.78",W,cffw_b01_c01,0.8954459214790783,11292.804088955776,0.52929708745,0.529235537,-16.881048791305478,-0.02760264810816482,-16.908651439413642,-0.04395856380166691,-0.044030441608724886,0.0340058892683782,501282,5276562,INWARD,PASCALS,26495.89999885956,results/postpro_latest/CMPW_welded/surfaces/conv/argusWingSurface/6000/wingSurface.vtk
LCB_trim,"Late cruise, M = 0.78",B,baseline_wing_only_refined,1.263549273647813,8257.365979504944,0.54411480021,0.544159122,-12.064941340106902,-0.018452728987348132,-12.08339406909425,-0.04293305867962376,-0.04299872266207343,0.03403234310675661,501569,5276776,INWARD,PASCALS,19374.000000431788,results/postpro_latest/LCB_welded/surfaces/conv/argusWingSurface/4000/wingSurface.vtk
LCC_trim,"Late cruise, M = 0.78",C,cte_i002_c04,0.9087282067985086,8257.365979504944,0.54411480021,0.544174214,-12.67403382075862,-0.017572085162364567,-12.691605905920984,-0.04511785874804454,-0.04518041301194161,0.034019258854865286,501495,5276962,INWARD,PASCALS,19373.99996465417,results/postpro_latest/LCC_welded/surfaces/conv/argusWingSurface/4000/wingSurface.vtk
LCF_trim,"Late cruise, M = 0.78",F,cfft_b02_c01,1.0217311888616425,8257.365979504944,0.54411480021,0.544091947,-12.271157450023365,-0.01808770693323123,-12.289245156956596,-0.04367568331139615,-0.043740061342813524,0.0340254820410971,501545,5277084,INWARD,PASCALS,19374.000011853826,results/postpro_latest/LCF_welded/surfaces/conv/argusWingSurface/6000/wingSurface.vtk
LCH_trim,"Late cruise, M = 0.78",H,chc_g02_c06,1.0985501628292316,8257.365979504944,0.54411480021,0.544078413,-12.81311173671755,-0.01756850741377523,-12.830680244131326,-0.04559957968440406,-0.045662102869264365,0.03402923925101178,501327,5276936,INWARD,PASCALS,19373.99999277732,results/postpro_latest/LCH_welded/surfaces/conv/argusWingSurface/6000/wingSurface.vtk
LCM_trim,"Late cruise, M = 0.78",M,mcv2_i002_c01,0.9177355759427902,8257.365979504944,0.54411480021,0.54416461,-12.719204357355894,-0.01752555388456321,-12.736729911240458,-0.04527797863302559,-0.0453403663132627,0.03401977063959076,501516,5276995,INWARD,PASCALS,19374.000001534016,results/postpro_latest/LCM_welded/surfaces/conv/argusWingSurface/4000/wingSurface.vtk
LCW_trim,"Late cruise, M = 0.78",W,cffw_b01_c01,1.0567300626064404,8257.365979504944,0.54411480021,0.544023065,-12.115260468520024,-0.020147521591815952,-12.13540799011184,-0.043145656902347555,-0.04321740757219835,0.0340058892683782,501282,5276562,INWARD,PASCALS,19373.99998207799,results/postpro_latest/LCW_welded/surfaces/conv/argusWingSurface/4000/wingSurface.vtk
