eta,y_m,chord_m,cn,ca,cl,load_cl_c_over_cref,n_faces,n_bins_upper,n_bins_lower
0.025,0.045634875,0.6240124999999999,0.3135440436145499,0.009843884584800408,0.313252521697,0.49617598029,76146,200,200
0.037500000000000006,0.0684523125,0.6140625,0.3187119960053039,0.004366617665749322,0.318539424965,0.49650501483,76254,200,200
0.05,0.09126975,0.6039324999999998,0.3232204770129875,0.0007739854412876918,0.323125658471,0.495344925206,74970,200,200
0.0625,0.11408718749999999,0.5937475000000001,0.327819461118699,-0.0019269863771875896,0.327782806324,0.494010107112,73612,200,200
0.07500000000000001,0.136904625,0.5835635000000001,0.33247477389715285,-0.0040950086369990054,0.332484574025,0.492501425816,72214,200,200
0.0875,0.15972206249999998,0.57359,0.3372814582318053,-0.0052968358786659045,0.337316474258,0.49111929249,71159,200,200
0.1,0.1825395,0.5638019999999997,0.342031396452784,-0.0062691205686395005,0.342086604866,0.489565214735,69886,200,200
0.11250000000000002,0.2053569375,0.5540925000000001,0.3460151316076077,-0.007912342585381416,0.346105440236,0.486786548492,68224,200,200
0.125,0.22817437499999998,0.5446125000000002,0.35154899857488586,-0.008891364567946444,0.351659458661,0.486135995863,67368,200,200
0.1375,0.2509918125,0.5349225,0.356808638436488,-0.009733504912186223,0.356936312231,0.484651397297,66240,200,200
0.15,0.27380924999999995,0.5253108333333334,0.36089445444407275,-0.01052447691689064,0.361038501753,0.481412925731,64999,200,200
0.1625,0.2966266875,0.515517,0.3650509596908524,-0.010671863709811468,0.365197240398,0.47787944405,62331,200,200
0.17500000000000002,0.319444125,0.5060450000000001,0.37121955068571383,-0.011470622247533717,0.37138187423,0.477043203738,62589,200,200
0.1875,0.34226156249999995,0.4963375000000001,0.3759770266690955,-0.011933754177062147,0.376148367732,0.473897198876,61366,200,200
0.2,0.365079,0.4866299999999999,0.38105735916126604,-0.012315434780946767,0.381235852596,0.470912790509,60104,200,200
0.2125,0.38789643749999997,0.47685750000000016,0.38352615992059735,-0.012868048784334455,0.383716185635,0.464458170858,58594,200,200
0.225,0.410713875,0.46740000000000004,0.38905436728426157,-0.012670510733293018,0.38923872691,0.461798611427,57712,200,200
0.23750000000000002,0.4335313125,0.4577450000000003,0.3933741306839473,-0.013101304423505008,0.39356690359,0.457288258411,56502,200,200
0.25,0.45634874999999997,0.4480225,0.39735531793771467,-0.01332307778023933,0.397551998828,0.452107423076,55155,200,200
0.2625,0.4791661875,0.4383325,0.4012099500791695,-0.013609966372001816,0.401411998345,0.446623831771,53970,200,200
0.275,0.501983625,0.42877750000000003,0.4069172512298341,-0.0137186599809334,0.407120310351,0.443100895704,52863,200,200
0.28750000000000003,0.5248010625,0.4190449999999999,0.4100936963362801,-0.013930345698837698,0.410300635863,0.436426109136,51633,200,200
0.30000000000000004,0.5476185,0.4092675000000001,0.41219683357282655,-0.013593792944524584,0.412395881199,0.428419715983,49294,200,200
0.31250000000000006,0.5704359375000001,0.3997299999999999,0.4198876029019419,-0.014157756788938512,0.420097174384,0.426249983543,49211,200,200
0.32500000000000007,0.5932533750000001,0.3901189999999999,0.42420568518885743,-0.014232810214171332,0.424415863847,0.420277927679,48000,200,200
0.3375,0.6160708125,0.3803835000000002,0.4274232686176881,-0.014479504197392388,0.427638086011,0.412900984592,46778,200,200
0.35000000000000003,0.63888825,0.3705974999999999,0.42809796035909237,-0.014052926996798557,0.428303254299,0.402904140738,45172,200,200
0.36250000000000004,0.6617056875,0.36112999999999995,0.43376550260406976,-0.014204242590645993,0.433972752288,0.397808356264,44366,200,200
0.37500000000000006,0.684523125,0.3513925,0.43777290680440084,-0.014105414684269414,0.437977022756,0.390653469816,43148,200,200
0.38750000000000007,0.7073405625000001,0.34570999999999996,0.4344747833466004,-0.013984938781702715,0.434677049739,0.381440255014,42161,200,200
0.4,0.730158,0.3419875000000001,0.4350712500379463,-0.014694410554519914,0.435288941732,0.377864191696,41672,200,200
0.41250000000000003,0.7529754375,0.33819,0.43607633712134886,-0.015016470609784803,0.436300854199,0.374536972996,41273,200,200
0.42500000000000004,0.775792875,0.3343450000000001,0.43555624146323335,-0.015052248435778046,0.435781668907,0.369838110698,40794,200,200
0.43750000000000006,0.7986103125,0.3304975000000001,0.43489225848507645,-0.015337924651447978,0.435124114815,0.365030541517,39999,200,200
0.45000000000000007,0.82142775,0.32676249999999984,0.4363491383690564,-0.015150437808354527,0.436576529585,0.362109955956,39831,200,200
0.4625,0.8442451875,0.3229200000000001,0.4375923082576374,-0.015309438326983987,0.43782288928,0.358873406961,39373,200,200
0.47500000000000003,0.867062625,0.3190899999999999,0.4379746217719071,-0.01549411945635792,0.438209163448,0.35492984558,38898,200,200
0.48750000000000004,0.8898800625000001,0.31508749999999996,0.4367088839284665,-0.015290257433736567,0.436939256773,0.349462123232,37509,200,200
0.5,0.9126974999999999,0.3114574999999997,0.4412763584212481,-0.01567411142872438,0.441514054831,0.349052857479,37949,200,200
0.5125000000000001,0.9355149375,0.3077175000000001,0.4417791779208794,-0.01591169724613571,0.442021966927,0.345258134349,37473,200,200
0.525,0.958332375,0.3038474999999998,0.4443165899910957,-0.016527547079901884,0.444572282428,0.342882974375,36954,200,200
0.5375000000000001,0.9811498125000001,0.2999780000000001,0.4442888507024313,-0.016144670267796143,0.444536147815,0.338488842901,36454,200,200
0.55,1.00396725,0.29627500000000007,0.4486281473493966,-0.016443762669617525,0.448880962932,0.337577945204,36051,200,200
0.5625,1.0267846875,0.2924275000000003,0.45018969186491586,-0.016143323873195572,0.450435538465,0.334348000875,35572,200,200
0.5750000000000001,1.049602125,0.2884825,0.4557890177245689,-0.017386243651664326,0.4560607911,0.333956638157,34924,200,200
0.5875,1.0724195625,0.2848449999999998,0.46118102929793,-0.015875291582645234,0.461418347294,0.333619426172,34589,200,200
0.6000000000000001,1.095237,0.28096999999999994,0.47041224278070415,-0.014755262645425548,0.470622759464,0.335645437929,34141,200,200
0.6125,1.1180544375,0.2771625,0.4769909814006422,-0.013340470743459839,0.47716886711,0.335702396513,33663,200,200
0.6250000000000001,1.1408718750000002,0.27329499999999984,0.4846003031375728,-0.012438441515026991,0.484756561971,0.336281715413,32304,200,200
0.6375000000000001,1.1636893125,0.2695875000000001,0.4934521374996286,-0.011866472156191195,0.493593713219,0.337767019907,32722,200,200
0.65,1.18650675,0.26571999999999996,0.5042943144191361,-0.011457183397124971,0.504424297664,0.340226480798,32243,200,200
0.6625000000000001,1.2093241875,0.26186750000000014,0.5126135427757603,-0.010839754179496366,0.512727973572,0.340813261802,31755,200,200
0.675,1.232141625,0.2579479999999996,0.522600561221515,-0.01081759070638172,0.522712100705,0.34224931707,31129,200,200
0.6875000000000001,1.2549590625000002,0.25429250000000003,0.5331325447037824,-0.01008710134749111,0.533225517854,0.34418532338,30818,200,200
0.7000000000000001,1.2777765,0.25044,0.5391596799846512,-0.009601152684216512,0.539240537902,0.342794700762,30339,200,200
0.7125,1.3005939375,0.24665650000000006,0.5464703208104336,-0.009380231217745992,0.546544570281,0.342188980606,29812,200,200
0.7250000000000001,1.323411375,0.2427925000000002,0.5542275071231566,-0.008740628538363094,0.554285852906,0.341599268813,29354,200,200
0.7375,1.3462288125,0.23907750000000028,0.55750110404999,-0.009179233188125437,0.557568286444,0.338364382177,28917,200,200
0.7500000000000001,1.36904625,0.23521499999999995,0.560517163802008,-0.008539224281283887,0.560569575292,0.334689746808,28440,200,200
0.7625000000000001,1.3918636875000001,0.23136750000000017,0.5647132224375573,-0.008539179332893235,0.5647646225,0.331678796822,27430,200,200
0.775,1.414681125,0.2276499999999999,0.5689554585014867,-0.008504509089114803,0.569005076184,0.328799892358,27490,200,200
0.7875000000000001,1.4374985625,0.2237925000000005,0.5688792010335316,-0.008889972408259894,0.568937295842,0.323189917199,27017,200,200
0.8,1.460316,0.21994999999999987,0.5701925175583618,-0.010062883987028327,0.570276034956,0.318388196488,26544,200,200
0.8125000000000001,1.4831334375,0.21596749999999965,0.5627968960492091,-0.009624928857770196,0.562872583703,0.308564790133,25576,200,200
0.8250000000000001,1.505950875,0.21242249999999974,0.5595297197705155,-0.011251210236762456,0.559641881961,0.301757862907,25598,200,200
0.8375,1.5287683125,0.20858,0.5576766973081462,-0.013200754856221238,0.557832087315,0.295341193959,25121,200,200
0.8500000000000001,1.55158575,0.20475250000000011,0.5456305522262892,-0.013701894075762451,0.545799840236,0.283668092669,24626,200,200
0.8625,1.5744031875,0.20082550000000055,0.5389988936305232,-0.014701853774631221,0.539191722113,0.274858988702,24115,200,200
0.8750000000000001,1.597220625,0.19716250000000057,0.523672393554528,-0.014702073551198349,0.523868917595,0.262177138454,23702,200,200
0.8875000000000001,1.6200380625,0.1932999999999998,0.5108730048856887,-0.016050594403477083,0.511102203601,0.250776870637,23226,200,200
0.9,1.6428555,0.18932249999999984,0.48608098722291326,-0.016322657942520837,0.486322126312,0.233708297184,22611,200,200
0.9125000000000001,1.6656729375000001,0.18574750000000062,0.4699031443803901,-0.01686045821841233,0.470159980921,0.221674893533,22252,200,200
0.925,1.688490375,0.18193750000000053,0.45049676131281247,-0.017281314554093475,0.450767506496,0.208172182996,21803,200,200
0.9375000000000001,1.7113078125,0.17810000000000015,0.42218326643609866,-0.016713017777897615,0.422448358785,0.190978913341,21322,200,200
0.9500000000000001,1.73412525,0.17410999999999976,0.39355838409996546,-0.016090980574457327,0.393816719298,0.17404667732,20303,200,200
0.9625,1.7569426874999998,0.17050750000000026,0.36216748096057183,-0.015661064271786467,0.362423941064,0.156858564654,20374,200,200
0.9750000000000001,1.7797601250000001,0.16666749999999997,0.3237701743315027,-0.015586782095116746,0.324034250714,0.137084928624,19899,200,200
0.9875,1.8025775625,0.16280250000000018,0.2680978322291241,-0.012907243057483583,0.268316514037,0.110880798245,19415,200,200
