case	source_case	wing_faces_layered	layers_achieved	layer_thickness_m	layer_thickness_pct	nonortho_max_deg	nonortho_avg_deg	skewness_max	checkmesh_failed	cells	snappy_log_sha256	checkmesh_log_sha256
CMPB_trim	CMPB_welded	5276776	4.96	0.000393	99.5	74.86468	6.6841978	17.059328	4	73644516	ae6ecba5ca1de57c24d9192aabc74fa4553f5cc7481372bbf0b548a89d52e4ab	479f54c61caad662306c32f88a8047ad033eb6e793d35c32bc64cf0164cc66b5
CMPC_trim	CMPC_welded	5276962	4.96	0.000393	99.5	74.850457	6.702543	11.044737	5	73704220	c521607bca4354f0899b30a9b6b3147d7cc413e8560dc4e4c3c19860c649e285	32bc179c77a318c49f1151110de6c7b47418229ac78132e1afc52588c385016e
CMPF_trim	CMPF_welded	5277084	4.96	0.000393	99.5	74.849464	6.6949555	8.6895512	4	73660573	137492814782b46ff332f21dd2b0f26b94583c086f163e4606813ee16ccb9aeb	195038e7531c630de00d54e862021778bc61dc1f57fe0babaa127a4b7d6e316d
CMPH_trim	CMPH_welded	5276936	4.96	0.000393	99.5	74.850542	6.6932287	10.357843	4	73669659	cf966238cb5361e87c687523d3988197b4da822deb0acd1fe1294c8068f868e1	363e85f632e751fdee17b2127efa4f86344507c504e75ed76080a098ab753da8
CMPM_trim	CMPM_welded	5276995	4.96	0.000393	99.5	74.842034	6.702734	7.3116416	4	73727346	657440450207eb9dda31d3c3674a61bc32a60d860c232752161255dcd99bd04a	39f4a87556609d381c280928d098c1386db552549a8b5485cd69bbffa30e9c33
CMPW_trim	CMPW_welded	5276562	4.96	0.000393	99.5	74.098894	6.6947176	18.127987	4	73668547	7af0c55c34b2476e80ba6efb0216e7c5e8ee43fd25fb7e7c6901dcf45a72e9dd	4fe352fcc0a83f67e230d79cb48cadf1018155ba91a851cff3d3f984a37e7f2b
LCB_trim	LCB_welded	5276776	4.97	0.000505	99.6	73.092362	6.6963886	18.822744	3	73673859	2624eeea160c3a2118b16d1a716789b396d7ed419cfcdb2406e9a690df608dad	ce2d414cf622986aa263167ce332b41b05588441c33250499eb7ffd217930e29
LCC_trim	LCC_welded	5276962	4.97	0.000505	99.6	73.097822	6.7148564	11.895001	4	73728353	3199d8f564e26cb84a913dc375fce1bb3e1982d511772dd7af7a3b699254e321	976ee4b6e66946281ac8add613da04f88ee51fc600cb88f1425ae2d9d3e6f999
LCF_trim	LCF_welded	5277084	4.97	0.000505	99.6	73.101766	6.7075034	11.895001	3	73684317	d1080e5b8f5e2610394bec9d602a3d5f774c3824cb3993006d361c93268fecaf	862b5075888859f571386d6c5d3ab4bd0c9c01997fa80d92bfb4f077a662d530
LCH_trim	LCH_welded	5276936	4.97	0.000505	99.6	73.098015	6.7060183	11.895001	3	73693511	8c1e0cc7060b1b27b774589d1802b357df9738c59174df1635a0e107d9e7c98f	aa5d65666fae2bb4929d6d8f3065b92344a78ac194e661938cb094fa1afec30e
LCM_trim	LCM_welded	5276995	4.97	0.000505	99.6	73.097122	6.7150963	7.7237909	3	73751122	c76524c7050811415d2ab2c9396e3d50aa83e9fb6d4df908bf74bc9feafdbcb0	b5f52b26c558fd8dad13c3412af58d125af15377e87910e5765cb701d237f3e1
LCW_trim	LCW_welded	5276562	4.97	0.000505	99.6	72.350683	6.7073128	17.523647	3	73691820	39dec1e4c3958ac0d20baef9c0c9298a041805cd47dd9cc234d7101973048879	ecfe1c93104ea359d45e4f1da9ad7bdb14a3f90c99b6c31b196fa01d47a5afdd
